[
  {
    "value": "Coca 1.5L",
    "synonyms": [
      "coca",
      "coca 1.5l"
    ]
  },
  {
    "value": "Fanta 1.5L",
    "synonyms": [
      "fanta",
      "fanta 1 litro",
      "fanta 1.5l",
      "fanta um litro"
    ]
  },
  {
    "value": "Guaraná 1.5L",
    "synonyms": [
      "guarana",
      "guaraná",
      "guaraná 1.5l"
    ]
  },
  {
    "value": "Pepsi 1.5L",
    "synonyms": [
      "pepsi",
      "pepsi 1.5l"
    ]
  },
  {
    "value": "Sprite 1.5L",
    "synonyms": [
      "sprite",
      "sprite 1.5l"
    ]
  },
  {
    "value": "nenhuma",
    "synonyms": [
      "0",
      "nada",
      "nenhuma",
      "não quero",
      "não quero bebidas",
      "sem bebida",
      "sem bebidas"
    ]
  }
]