[
  {
    "value": "calabresa",
    "synonyms": [
      "calabesa",
      "calabeza",
      "calabresa",
      "calabreza"
    ]
  },
  {
    "value": "frango",
    "synonyms": [
      "fango",
      "frango",
      "frangu"
    ]
  },
  {
    "value": "moda da casa",
    "synonyms": [
      "Moda da casa",
      "a moda",
      "moda casa",
      "moda da casa",
      "moda da caza",
      "moda de casa"
    ]
  },
  {
    "value": "mussarela",
    "synonyms": [
      "mucarela",
      "musarela",
      "mussarela"
    ]
  },
  {
    "value": "portuguesa",
    "synonyms": [
      "portugesas",
      "portugeza",
      "portuguesa",
      "portugueza",
      "potugesa",
      "potuguesa",
      "poturguesa",
      "poturgueza"
    ]
  },
  {
    "value": "quatro queijos",
    "synonyms": [
      "4 queijos",
      "quatro queijos"
    ]
  }
]