[
  {
    "id": "1209f275-d5e8-411a-981d-a8e43395b96a",
    "data": [
      {
        "text": "babaca",
        "userDefined": false
      }
    ],
    "isTemplate": false,
    "count": 1,
    "updated": 0
  },
  {
    "id": "6655cb35-fbeb-441c-aa6b-e80b71f47738",
    "data": [
      {
        "text": "otaria",
        "userDefined": false
      }
    ],
    "isTemplate": false,
    "count": 0,
    "updated": 0
  },
  {
    "id": "98554dc7-ec87-4e07-8438-1086773340b2",
    "data": [
      {
        "text": "fodase",
        "userDefined": false
      }
    ],
    "isTemplate": false,
    "count": 0,
    "updated": 0
  },
  {
    "id": "7ee9cf91-538c-4819-9e61-619aa9fc5ce7",
    "data": [
      {
        "text": "se foder",
        "userDefined": false
      }
    ],
    "isTemplate": false,
    "count": 0,
    "updated": 0
  },
  {
    "id": "41f0979c-4b31-4b77-89c6-5f77be5a580b",
    "data": [
      {
        "text": "vai ",
        "userDefined": false
      },
      {
        "text": "tomar",
        "alias": "geo-city",
        "meta": "@sys.geo-city",
        "userDefined": false
      },
      {
        "text": " no cu",
        "userDefined": false
      }
    ],
    "isTemplate": false,
    "count": 0,
    "updated": 0
  },
  {
    "id": "8a31b052-13fb-424c-8922-16fca835400f",
    "data": [
      {
        "text": "foda-se",
        "userDefined": false
      }
    ],
    "isTemplate": false,
    "count": 0,
    "updated": 0
  },
  {
    "id": "7895e10d-adfe-4758-bfb6-eb60d7803eee",
    "data": [
      {
        "text": "filho da puta",
        "userDefined": false
      }
    ],
    "isTemplate": false,
    "count": 0,
    "updated": 0
  },
  {
    "id": "4ed40bca-fb1d-4316-a79e-35e326ee990d",
    "data": [
      {
        "text": "caralho",
        "userDefined": false
      }
    ],
    "isTemplate": false,
    "count": 0,
    "updated": 0
  },
  {
    "id": "922d109c-6d08-4902-bcd8-5426060e55e3",
    "data": [
      {
        "text": "seu otario",
        "userDefined": false
      }
    ],
    "isTemplate": false,
    "count": 0,
    "updated": 0
  },
  {
    "id": "13dc1ab6-7bf1-4f84-9cf3-f34a5221d433",
    "data": [
      {
        "text": "prostituta",
        "userDefined": false
      }
    ],
    "isTemplate": false,
    "count": 0,
    "updated": 0
  },
  {
    "id": "9068d4bd-95ba-4fe4-b7a8-e0e077cdc974",
    "data": [
      {
        "text": "merda",
        "userDefined": false
      }
    ],
    "isTemplate": false,
    "count": 0,
    "updated": 0
  },
  {
    "id": "8c1c2d08-1203-465e-9858-173d5448d2db",
    "data": [
      {
        "text": " ",
        "userDefined": false
      },
      {
        "text": "tomar",
        "alias": "geo-city",
        "meta": "@sys.geo-city",
        "userDefined": false
      },
      {
        "text": " no cu",
        "userDefined": false
      }
    ],
    "isTemplate": false,
    "count": 0,
    "updated": 0
  },
  {
    "id": "bdae0988-f95a-4c5c-b790-521e90dc5d50",
    "data": [
      {
        "text": "vai se danar",
        "userDefined": false
      }
    ],
    "isTemplate": false,
    "count": 0,
    "updated": 0
  },
  {
    "id": "e0bfaf74-7c3b-41c9-8251-b4769d34f85b",
    "data": [
      {
        "text": "vai se foder",
        "userDefined": false
      }
    ],
    "isTemplate": false,
    "count": 0,
    "updated": 0
  },
  {
    "id": "b2c0775a-7015-4478-a114-44e1a7427260",
    "data": [
      {
        "text": "vai se ferrar",
        "userDefined": false
      }
    ],
    "isTemplate": false,
    "count": 0,
    "updated": 0
  },
  {
    "id": "049fa1e5-69ba-4faa-b5ce-36db1df42718",
    "data": [
      {
        "text": "seu merda",
        "userDefined": false
      }
    ],
    "isTemplate": false,
    "count": 0,
    "updated": 0
  },
  {
    "id": "7f55c10b-03d3-4f8d-9778-a7e196d9bdc2",
    "data": [
      {
        "text": "você é ",
        "userDefined": false
      },
      {
        "text": "um",
        "alias": "number",
        "meta": "@sys.number",
        "userDefined": false
      },
      {
        "text": " merda",
        "userDefined": false
      }
    ],
    "isTemplate": false,
    "count": 0,
    "updated": 0
  },
  {
    "id": "f7d87cfe-d9ed-47ad-bbee-1f7406e2d815",
    "data": [
      {
        "text": " se danar",
        "userDefined": false
      }
    ],
    "isTemplate": false,
    "count": 0,
    "updated": 0
  },
  {
    "id": "b4c4b2fa-8f00-4971-acba-31f69bc513d3",
    "data": [
      {
        "text": "sua merda",
        "userDefined": false
      }
    ],
    "isTemplate": false,
    "count": 0,
    "updated": 0
  }
]