[
  {
    "id": "bc089800-549a-4fc4-96f2-062562888fd5",
    "data": [
      {
        "text": "numero?",
        "userDefined": false
      }
    ],
    "isTemplate": false,
    "count": 0,
    "updated": 0
  },
  {
    "id": "a8a278ac-6ed0-4f17-bfce-d072e64eac02",
    "data": [
      {
        "text": "qual o numero de telefone?",
        "userDefined": false
      }
    ],
    "isTemplate": false,
    "count": 0,
    "updated": 0
  },
  {
    "id": "f6709065-9633-4e61-a5aa-b62c15da3171",
    "data": [
      {
        "text": "qual o telefone ?",
        "userDefined": false
      }
    ],
    "isTemplate": false,
    "count": 0,
    "updated": 0
  },
  {
    "id": "290f6ded-35cd-4bfa-9349-6032eb9badd6",
    "data": [
      {
        "text": "tel de contato",
        "userDefined": false
      }
    ],
    "isTemplate": false,
    "count": 0,
    "updated": 0
  },
  {
    "id": "d7dd2404-02fa-4082-8f13-596830f0761c",
    "data": [
      {
        "text": "numero de celular",
        "userDefined": false
      }
    ],
    "isTemplate": false,
    "count": 0,
    "updated": 0
  },
  {
    "id": "db56abb4-053a-42cc-8da3-5e34f76c8f58",
    "data": [
      {
        "text": "telefone de contato",
        "userDefined": false
      }
    ],
    "isTemplate": false,
    "count": 0,
    "updated": 0
  }
]