[
  {
    "id": "c83e35e2-1057-4f9d-ad36-006f21ec6cd4",
    "data": [
      {
        "text": "Cardápio",
        "userDefined": false
      }
    ],
    "isTemplate": false,
    "count": 0,
    "updated": 0
  },
  {
    "id": "3a3947a0-4d17-436c-ae03-1e8b7987ba7b",
    "data": [
      {
        "text": "tem pizza de que",
        "userDefined": false
      }
    ],
    "isTemplate": false,
    "count": 0,
    "updated": 0
  },
  {
    "id": "c2ce0bf1-a3c9-4cf7-8b45-46372e16f6cc",
    "data": [
      {
        "text": "qual o valor das pizzas",
        "userDefined": false
      }
    ],
    "isTemplate": false,
    "count": 0,
    "updated": 0
  },
  {
    "id": "932ea6ab-bb1a-498e-88c3-d392ac277612",
    "data": [
      {
        "text": "cardapio por favor",
        "userDefined": false
      }
    ],
    "isTemplate": false,
    "count": 0,
    "updated": 0
  },
  {
    "id": "90ef8fe9-4f23-4088-a464-e4468fc44076",
    "data": [
      {
        "text": "quero ver o cardapio",
        "userDefined": false
      }
    ],
    "isTemplate": false,
    "count": 0,
    "updated": 0
  },
  {
    "id": "526669bb-241b-430f-ab09-9539f018462b",
    "data": [
      {
        "text": "quais pizzas vocês tem ?",
        "userDefined": false
      }
    ],
    "isTemplate": false,
    "count": 0,
    "updated": 0
  },
  {
    "id": "64ee14d7-99c3-474e-b7ff-a063ba9c6a5b",
    "data": [
      {
        "text": "cardapio",
        "userDefined": false
      }
    ],
    "isTemplate": false,
    "count": 0,
    "updated": 0
  },
  {
    "id": "4aa630e1-ab73-488f-bac6-ee0ec3fed127",
    "data": [
      {
        "text": "oque voces serve",
        "userDefined": false
      }
    ],
    "isTemplate": false,
    "count": 1,
    "updated": 0
  },
  {
    "id": "7b76b1a4-6712-40c6-ba30-8531706889e8",
    "data": [
      {
        "text": "o que vocês servem",
        "userDefined": false
      }
    ],
    "isTemplate": false,
    "count": 1,
    "updated": 0
  }
]