[
  {
    "id": "3b0ffa48-9780-494c-9078-7680eb8fd1d7",
    "data": [
      {
        "text": "quero ver comando",
        "userDefined": false
      }
    ],
    "isTemplate": false,
    "count": 0,
    "updated": 0
  },
  {
    "id": "02b573c5-d0dd-403c-859c-461fb92d86da",
    "data": [
      {
        "text": "comando",
        "userDefined": false
      }
    ],
    "isTemplate": false,
    "count": 0,
    "updated": 0
  },
  {
    "id": "0887cd1d-1f08-4797-a8b5-041bdb8cdba4",
    "data": [
      {
        "text": "comandos",
        "userDefined": false
      }
    ],
    "isTemplate": false,
    "count": 0,
    "updated": 0
  }
]