[
  {
    "id": "bcff7f3c-caa2-4be9-a5f5-46cb839c3570",
    "data": [
      {
        "text": "horário de funcionamento",
        "userDefined": false
      }
    ],
    "isTemplate": false,
    "count": 0,
    "updated": 0
  },
  {
    "id": "c50f9b08-2b49-4fe0-ac40-0314c83186ec",
    "data": [
      {
        "text": "funciona ate que horas?",
        "userDefined": false
      }
    ],
    "isTemplate": false,
    "count": 0,
    "updated": 0
  },
  {
    "id": "443ab9ca-d711-4d47-af99-e2838733e5e1",
    "data": [
      {
        "text": "qual o horario de funcanamento",
        "userDefined": false
      }
    ],
    "isTemplate": false,
    "count": 0,
    "updated": 0
  },
  {
    "id": "b82f4153-52f2-42d0-9b0d-20505a33a839",
    "data": [
      {
        "text": "que hora fecha?",
        "userDefined": false
      }
    ],
    "isTemplate": false,
    "count": 0,
    "updated": 0
  },
  {
    "id": "d90f865f-26fb-47e9-b00e-85282d7596c2",
    "data": [
      {
        "text": "hora que funciona",
        "userDefined": false
      }
    ],
    "isTemplate": false,
    "count": 0,
    "updated": 0
  },
  {
    "id": "a2ff3029-2dab-4df3-816b-ff970f209b74",
    "data": [
      {
        "text": "qual o horário de funcionamento",
        "userDefined": false
      }
    ],
    "isTemplate": false,
    "count": 0,
    "updated": 0
  },
  {
    "id": "00364ab7-8b69-49be-9e59-a51146b97220",
    "data": [
      {
        "text": "que horas vocês abrem?",
        "userDefined": false
      }
    ],
    "isTemplate": false,
    "count": 0,
    "updated": 0
  },
  {
    "id": "19c03983-7bd9-4b11-976f-cbf9ed87f4b5",
    "data": [
      {
        "text": "horario de funcionamento",
        "userDefined": false
      }
    ],
    "isTemplate": false,
    "count": 0,
    "updated": 0
  }
]