[
  {
    "id": "edefdaf1-7058-464a-8a22-2dec4cab81cf",
    "data": [
      {
        "text": "onde é a pizzaria?",
        "userDefined": false
      }
    ],
    "isTemplate": false,
    "count": 0,
    "updated": 0
  },
  {
    "id": "30d91d65-bb43-41ac-ab6a-d7eee9bc791d",
    "data": [
      {
        "text": "onde fica",
        "userDefined": false
      }
    ],
    "isTemplate": false,
    "count": 0,
    "updated": 0
  },
  {
    "id": "0b9a78c6-1206-4c73-8cdc-caf4815e0ddd",
    "data": [
      {
        "text": "aonde vocês se encontram ?",
        "userDefined": false
      }
    ],
    "isTemplate": false,
    "count": 0,
    "updated": 0
  },
  {
    "id": "d38cd9be-96ed-4e26-99e2-de2234e5b20a",
    "data": [
      {
        "text": "como chego ate vocês",
        "userDefined": false
      }
    ],
    "isTemplate": false,
    "count": 0,
    "updated": 0
  },
  {
    "id": "dfc1770f-17c7-44b6-81bd-bd84c899eb97",
    "data": [
      {
        "text": "onde fica a pizzaria",
        "userDefined": false
      }
    ],
    "isTemplate": false,
    "count": 0,
    "updated": 0
  },
  {
    "id": "8c618022-ec84-4d39-b6c2-2e74546dc135",
    "data": [
      {
        "text": "me manda a localização",
        "userDefined": false
      }
    ],
    "isTemplate": false,
    "count": 0,
    "updated": 0
  },
  {
    "id": "a87ec67e-2221-46bb-bf12-9ca624185953",
    "data": [
      {
        "text": "localização",
        "userDefined": false
      }
    ],
    "isTemplate": false,
    "count": 0,
    "updated": 0
  }
]