[
  {
    "id": "1748eb92-6b80-432c-a148-6b3ee55c12dd",
    "data": [
      {
        "text": "tchau brigado",
        "userDefined": false
      }
    ],
    "isTemplate": false,
    "count": 0,
    "updated": 0
  },
  {
    "id": "3be290c8-e623-41cd-9843-ea0cb09bab32",
    "data": [
      {
        "text": "ate mais",
        "userDefined": false
      }
    ],
    "isTemplate": false,
    "count": 0,
    "updated": 0
  },
  {
    "id": "20779275-96e4-402d-a6cc-19d660e691ce",
    "data": [
      {
        "text": "tchau",
        "userDefined": false
      }
    ],
    "isTemplate": false,
    "count": 0,
    "updated": 0
  },
  {
    "id": "73611b2a-0085-40ab-9ce2-73c62eacd888",
    "data": [
      {
        "text": "falou",
        "userDefined": false
      }
    ],
    "isTemplate": false,
    "count": 0,
    "updated": 0
  }
]