[
  {
    "id": "270c63ba-1428-4a42-b3f3-e885a28f0d96",
    "data": [
      {
        "text": "gostaria de fazer ",
        "userDefined": false
      },
      {
        "text": "um",
        "meta": "@sys.ignore",
        "userDefined": false
      },
      {
        "text": " pedido",
        "userDefined": false
      }
    ],
    "isTemplate": false,
    "count": 0,
    "updated": 0
  },
  {
    "id": "ab1f68e6-9ae7-467f-a71e-e462fd9fad5f",
    "data": [
      {
        "text": "pizza",
        "meta": "@sys.ignore",
        "userDefined": false
      },
      {
        "text": " por favor",
        "userDefined": false
      }
    ],
    "isTemplate": false,
    "count": 0,
    "updated": 0
  },
  {
    "id": "861bf515-1de8-4974-ae22-99101026347c",
    "data": [
      {
        "text": "fazer o pedido",
        "userDefined": false
      }
    ],
    "isTemplate": false,
    "count": 1,
    "updated": 0
  },
  {
    "id": "5cd296e7-ef1f-40f9-a681-d8fce5bec7f6",
    "data": [
      {
        "text": "pedido",
        "userDefined": false
      }
    ],
    "isTemplate": false,
    "count": 0,
    "updated": 0
  },
  {
    "id": "f27fec82-a933-4c93-85f6-032bdae2eeee",
    "data": [
      {
        "text": "anota meu pedido",
        "userDefined": false
      }
    ],
    "isTemplate": false,
    "count": 0,
    "updated": 0
  }
]