[
  {
    "id": "03e39383-9648-4e25-aefb-12e07fa97f65",
    "data": [
      {
        "text": "quero ",
        "userDefined": false
      },
      {
        "text": "gg",
        "alias": "tamanhopizza",
        "meta": "@tamanho-pizza",
        "userDefined": true
      }
    ],
    "isTemplate": false,
    "count": 0,
    "updated": 0
  },
  {
    "id": "b329b642-688b-410f-b300-b53d4315357a",
    "data": [
      {
        "text": "quero ",
        "userDefined": false
      },
      {
        "text": "duas",
        "alias": "qtdpizza",
        "meta": "@sys.number",
        "userDefined": true
      }
    ],
    "isTemplate": false,
    "count": 0,
    "updated": 0
  },
  {
    "id": "9eb61160-37bc-4750-884b-75d50fb4340a",
    "data": [
      {
        "text": "quero a de ",
        "userDefined": false
      },
      {
        "text": "mussarela",
        "alias": "saborpizza",
        "meta": "@sabor-pizza",
        "userDefined": true
      }
    ],
    "isTemplate": false,
    "count": 0,
    "updated": 0
  },
  {
    "id": "392661aa-4d51-481d-bf5e-977128035a36",
    "data": [
      {
        "text": "com certeza",
        "userDefined": false
      }
    ],
    "isTemplate": false,
    "count": 0,
    "updated": 0
  },
  {
    "id": "71a30a58-8822-434d-ab40-4e06b981f5e6",
    "data": [
      {
        "text": "faça isso",
        "userDefined": false
      }
    ],
    "isTemplate": false,
    "count": 0,
    "updated": 0
  },
  {
    "id": "96517539-f2ab-47f9-9e1b-167b5f1c0533",
    "data": [
      {
        "text": "prosseguir",
        "userDefined": false
      }
    ],
    "isTemplate": false,
    "count": 0,
    "updated": 0
  },
  {
    "id": "7e3e37b8-342f-46f8-a88c-2df452628dc8",
    "data": [
      {
        "text": "claro",
        "userDefined": false
      }
    ],
    "isTemplate": false,
    "count": 2,
    "updated": 0
  },
  {
    "id": "cca3dbe5-50c1-4a5f-96dc-c00f131d969e",
    "data": [
      {
        "text": "exatamente",
        "userDefined": false
      }
    ],
    "isTemplate": false,
    "count": 1,
    "updated": 0
  },
  {
    "id": "ae916ca5-056f-4b7b-80ea-4ba72a1f78e0",
    "data": [
      {
        "text": "confirmar",
        "userDefined": false
      }
    ],
    "isTemplate": false,
    "count": 3,
    "updated": 0
  },
  {
    "id": "04ac77a3-3ae6-4fbb-82b6-cbe4e8c11980",
    "data": [
      {
        "text": "concordo",
        "userDefined": false
      }
    ],
    "isTemplate": false,
    "count": 0,
    "updated": 0
  },
  {
    "id": "2f0df0e3-48d0-4c39-8918-3e3b5c3123aa",
    "data": [
      {
        "text": "isso mesmo",
        "userDefined": false
      }
    ],
    "isTemplate": false,
    "count": 1,
    "updated": 0
  },
  {
    "id": "0c0f616f-02c6-4035-ba8f-bee0e56ebe02",
    "data": [
      {
        "text": "sim",
        "userDefined": false
      }
    ],
    "isTemplate": false,
    "count": 3,
    "updated": 0
  },
  {
    "id": "a35bfcd4-742e-4d31-a3dc-5e73ec4d28b2",
    "data": [
      {
        "text": "parece bom",
        "userDefined": false
      }
    ],
    "isTemplate": false,
    "count": 1,
    "updated": 0
  }
]